{"cameraMode":{"drawMode":0,"name":"Shaded","section":"Shading Mode"},"sceneLighting":true,"audioPlay":false,"sceneViewState":{"showFog":true,"showMaterialUpdate":false,"showSkybox":false,"showFlares":true,"showImageEffects":true,"showParticleSystems":true},"in2DMode":false,"pivot":{"x":4.603534698486328,"y":-2.43046236038208,"z":-5.382293701171875},"rotation":{"x":0.00837535597383976,"y":0.9902615547180176,"z":-0.06874749809503555,"w":0.12089837342500687},"size":17.261056900024415,"orthographic":false}