{"cameraMode":{"drawMode":0,"name":"Shaded","section":"Shading Mode"},"sceneLighting":true,"audioPlay":false,"sceneViewState":{"showFog":true,"showMaterialUpdate":false,"showSkybox":false,"showFlares":true,"showImageEffects":true,"showParticleSystems":true},"in2DMode":false,"pivot":{"x":-5.079999923706055,"y":1.059999942779541,"z":6.570000171661377},"rotation":{"x":0.0593714639544487,"y":-0.5139351487159729,"z":0.035658352077007297,"w":0.8550643920898438},"size":5.966026306152344,"orthographic":false}