{"cameraMode":{"drawMode":0,"name":"Shaded","section":"Shading Mode"},"sceneLighting":true,"audioPlay":false,"sceneViewState":{"showFog":true,"showMaterialUpdate":false,"showSkybox":false,"showFlares":true,"showImageEffects":true,"showParticleSystems":true},"in2DMode":false,"pivot":{"x":-105.89707946777344,"y":-70.6065673828125,"z":7.758884429931641},"rotation":{"x":0.22226077318191529,"y":-0.6267164945602417,"z":0.19304299354553224,"w":0.7215301394462586},"size":80.76400756835938,"orthographic":false}